actual_cached_blocks,actual_new_blocks,actual_prefix_cache_hit_rate,actual_prefix_cache_hit_tokens,cache_eviction_count,dynamic_context_new_tokens,input_tokens,inter_workflow_prefix_match_tokens,intra_workflow_prefix_match_tokens,motif_type,node_id,potential_prefix_match_tokens,potential_prefix_reuse_rate,potential_prefix_source,private_context_reuse_tokens,request_id,shared_context_reuse_tokens,workflow_name,workflow_run_id
unavailable,unavailable,unavailable,unavailable,unavailable,2571,2571,0,0,debate,opinion_3,0,0.0,none,2567,7bd2897b-6860-418d-8f20-8446d39bd9b2,0,debate_allgather_pressure_meso,debate_allgather_pressure_meso_20260603_152251_329250
unavailable,unavailable,unavailable,unavailable,unavailable,0,2571,0,2571,debate,opinion_1,2571,1.0,exact_prompt_hash,2567,bdec2609-b9c8-4148-8027-5c8a63663ea9,0,debate_allgather_pressure_meso,debate_allgather_pressure_meso_20260603_152251_329250
unavailable,unavailable,unavailable,unavailable,unavailable,0,2571,0,2571,debate,opinion_2,2571,1.0,exact_prompt_hash,2567,61d051b0-f780-46b2-9391-95e6c0c94faf,0,debate_allgather_pressure_meso,debate_allgather_pressure_meso_20260603_152251_329250
unavailable,unavailable,unavailable,unavailable,unavailable,0,2571,0,2571,debate,opinion_5,2571,1.0,exact_prompt_hash,2567,17fe560b-ebbf-4119-86b1-7519e6d8040c,0,debate_allgather_pressure_meso,debate_allgather_pressure_meso_20260603_152251_329250
unavailable,unavailable,unavailable,unavailable,unavailable,0,2571,0,2571,debate,opinion_6,2571,1.0,exact_prompt_hash,2567,1477ec11-5798-4d2b-9c42-413382ebc043,0,debate_allgather_pressure_meso,debate_allgather_pressure_meso_20260603_152251_329250
unavailable,unavailable,unavailable,unavailable,unavailable,0,2571,0,2571,debate,opinion_4,2571,1.0,exact_prompt_hash,2567,2ecd801b-f814-490a-b582-d0bbe16e2a1a,0,debate_allgather_pressure_meso,debate_allgather_pressure_meso_20260603_152251_329250
unavailable,unavailable,unavailable,unavailable,unavailable,696,2625,0,1929,debate,agent_3_round_1,1929,0.7348571428571429,segment_token_proxy,368,00d17cec-454f-4e7f-83b7-1c2393b7efa5,2211,debate_allgather_pressure_meso,debate_allgather_pressure_meso_20260603_152251_329250
unavailable,unavailable,unavailable,unavailable,unavailable,416,2627,0,2211,debate,agent_6_round_1,2211,0.8416444613627713,shared_block_hash,369,fd9fba1b-7aa1-4734-8134-825c54800022,2211,debate_allgather_pressure_meso,debate_allgather_pressure_meso_20260603_152251_329250
unavailable,unavailable,unavailable,unavailable,unavailable,415,2626,0,2211,debate,agent_2_round_1,2211,0.8419649657273419,shared_block_hash,368,253d5eae-7b43-4a46-9ff3-f90f867b72a1,2211,debate_allgather_pressure_meso,debate_allgather_pressure_meso_20260603_152251_329250
unavailable,unavailable,unavailable,unavailable,unavailable,414,2625,0,2211,debate,agent_1_round_1,2211,0.8422857142857143,shared_block_hash,369,46693d12-6fa2-4866-a2f2-b4f8a468a65c,2211,debate_allgather_pressure_meso,debate_allgather_pressure_meso_20260603_152251_329250
unavailable,unavailable,unavailable,unavailable,unavailable,415,2626,0,2211,debate,agent_4_round_1,2211,0.8419649657273419,shared_block_hash,369,ae0a6f35-507f-4452-b30a-19567c3f6cf0,2211,debate_allgather_pressure_meso,debate_allgather_pressure_meso_20260603_152251_329250
unavailable,unavailable,unavailable,unavailable,unavailable,413,2624,0,2211,debate,agent_5_round_1,2211,0.8426067073170732,shared_block_hash,368,1d3b4aad-b572-474b-9bd7-2861af51c6b8,2211,debate_allgather_pressure_meso,debate_allgather_pressure_meso_20260603_152251_329250
unavailable,unavailable,unavailable,unavailable,unavailable,666,2638,0,1972,debate,agent_2_round_2,1972,0.7475360121304018,segment_token_proxy,369,241ded7e-cd26-4c28-bb5f-242d6b84ee70,2212,debate_allgather_pressure_meso,debate_allgather_pressure_meso_20260603_152251_329250
unavailable,unavailable,unavailable,unavailable,unavailable,426,2638,0,2212,debate,agent_1_round_2,2212,0.8385140257771039,shared_block_hash,368,774f89f5-e575-4898-ae4f-1eb0e95d5b25,2212,debate_allgather_pressure_meso,debate_allgather_pressure_meso_20260603_152251_329250
unavailable,unavailable,unavailable,unavailable,unavailable,427,2639,0,2212,debate,agent_5_round_2,2212,0.8381962864721485,shared_block_hash,369,04327ddd-5c5a-4016-928b-a1dce0be5a82,2212,debate_allgather_pressure_meso,debate_allgather_pressure_meso_20260603_152251_329250
unavailable,unavailable,unavailable,unavailable,unavailable,427,2639,0,2212,debate,agent_6_round_2,2212,0.8381962864721485,shared_block_hash,369,a25ae34f-180a-4cb2-a6a2-3a9aec953284,2212,debate_allgather_pressure_meso,debate_allgather_pressure_meso_20260603_152251_329250
unavailable,unavailable,unavailable,unavailable,unavailable,427,2639,0,2212,debate,agent_3_round_2,2212,0.8381962864721485,shared_block_hash,369,34720b53-8d8e-4e26-82e0-80eab9d74b05,2212,debate_allgather_pressure_meso,debate_allgather_pressure_meso_20260603_152251_329250
unavailable,unavailable,unavailable,unavailable,unavailable,427,2639,0,2212,debate,agent_4_round_2,2212,0.8381962864721485,shared_block_hash,368,86fecec2-fbed-4a58-873a-ecf97f366be0,2212,debate_allgather_pressure_meso,debate_allgather_pressure_meso_20260603_152251_329250
unavailable,unavailable,unavailable,unavailable,unavailable,661,2642,0,1981,debate,agent_1_round_3,1981,0.7498107494322483,segment_token_proxy,369,829efaa2-c817-47e4-9eec-a3c1d28a2509,2214,debate_allgather_pressure_meso,debate_allgather_pressure_meso_20260603_152251_329250
unavailable,unavailable,unavailable,unavailable,unavailable,427,2641,0,2214,debate,agent_4_round_3,2214,0.8383188186293071,shared_block_hash,368,fb0559cc-42a1-4197-b8ff-5660e041442c,2214,debate_allgather_pressure_meso,debate_allgather_pressure_meso_20260603_152251_329250
unavailable,unavailable,unavailable,unavailable,unavailable,429,2643,0,2214,debate,agent_2_round_3,2214,0.8376844494892168,shared_block_hash,370,af3a9533-bc9a-4759-858f-7b82b1c6b7e0,2214,debate_allgather_pressure_meso,debate_allgather_pressure_meso_20260603_152251_329250
unavailable,unavailable,unavailable,unavailable,unavailable,426,2640,0,2214,debate,agent_5_round_3,2214,0.8386363636363636,shared_block_hash,368,b22355a5-b6ff-4274-b8de-b8ffba1cb3f0,2214,debate_allgather_pressure_meso,debate_allgather_pressure_meso_20260603_152251_329250
unavailable,unavailable,unavailable,unavailable,unavailable,429,2643,0,2214,debate,agent_3_round_3,2214,0.8376844494892168,shared_block_hash,370,317db7c2-7a9a-4543-9049-08ffc09ef1a3,2214,debate_allgather_pressure_meso,debate_allgather_pressure_meso_20260603_152251_329250
unavailable,unavailable,unavailable,unavailable,unavailable,429,2643,0,2214,debate,agent_6_round_3,2214,0.8376844494892168,shared_block_hash,369,d73f5d40-03bb-41e5-9329-e776031812d5,2214,debate_allgather_pressure_meso,debate_allgather_pressure_meso_20260603_152251_329250
unavailable,unavailable,unavailable,unavailable,unavailable,2224,2224,0,0,debate,consensus_reviewer,0,0.0,none,0,d2fcb631-a000-40d5-b9ca-fe97d089a4b4,0,debate_allgather_pressure_meso,debate_allgather_pressure_meso_20260603_152251_329250
unavailable,unavailable,unavailable,unavailable,unavailable,380,380,0,0,debate,finalizer,0,0.0,none,0,4f2c96d6-160e-4197-8ad0-110dbb54b2cd,0,debate_allgather_pressure_meso,debate_allgather_pressure_meso_20260603_152251_329250
unavailable,unavailable,unavailable,unavailable,unavailable,70,70,0,0,independent_multi_branch,planner,0,0.0,none,0,41be7924-208b-4148-8ec5-db11cd140eaa,0,evidence_collection,evidence_collection_20260603_152058_347660
unavailable,unavailable,unavailable,unavailable,unavailable,887,887,0,0,independent_multi_branch,tool_agent,0,0.0,none,0,be8a42e0-378d-4ef3-ae4f-aa5faf435038,0,evidence_collection,evidence_collection_20260603_152058_347660
unavailable,unavailable,unavailable,unavailable,unavailable,887,887,0,0,independent_multi_branch,searcher,0,0.0,none,0,c0498925-63d1-4c62-a745-01b6101462c9,0,evidence_collection,evidence_collection_20260603_152058_347660
unavailable,unavailable,unavailable,unavailable,unavailable,867,867,0,0,independent_multi_branch,repo_searcher,0,0.0,none,0,13b76780-6478-4607-8a10-508345bbbf9d,0,evidence_collection,evidence_collection_20260603_152058_347660
unavailable,unavailable,unavailable,unavailable,unavailable,896,896,0,0,independent_multi_branch,doc_searcher,0,0.0,none,0,29d9dafe-f4de-4017-bff9-6d0fcb916853,0,evidence_collection,evidence_collection_20260603_152058_347660
unavailable,unavailable,unavailable,unavailable,unavailable,1182,1182,0,0,independent_multi_branch,evidence_merge,0,0.0,none,0,35f8a255-3358-4d35-9693-b94de938e1c6,0,evidence_collection,evidence_collection_20260603_152058_347660
unavailable,unavailable,unavailable,unavailable,unavailable,374,374,0,0,independent_multi_branch,finalizer,0,0.0,none,0,68bbbd98-bc9e-4149-b7c2-cbe2926c2def,0,evidence_collection,evidence_collection_20260603_152058_347660
unavailable,unavailable,unavailable,unavailable,unavailable,1083,1083,0,0,manager_worker,hier_planner,0,0.0,none,0,c950866a-78b9-4b0f-9ac0-d7b7d8c9a24b,0,hierarchical_synthesis_pressure_meso,hierarchical_synthesis_pressure_meso_20260603_152341_398008
unavailable,unavailable,unavailable,unavailable,unavailable,380,380,0,0,manager_worker,group_2_agent_1,0,0.0,none,375,3acf8b34-db8a-4441-88f4-bca2815e4c35,0,hierarchical_synthesis_pressure_meso,hierarchical_synthesis_pressure_meso_20260603_152341_398008
unavailable,unavailable,unavailable,unavailable,unavailable,94,380,0,286,manager_worker,group_1_agent_3,286,0.7526315789473684,segment_token_proxy,375,01aacb24-bffd-4a03-8de1-aeaa931b797f,0,hierarchical_synthesis_pressure_meso,hierarchical_synthesis_pressure_meso_20260603_152341_398008
unavailable,unavailable,unavailable,unavailable,unavailable,0,380,0,380,manager_worker,group_2_agent_2,380,1.0,exact_prompt_hash,375,88df8ce0-40dd-427f-97c8-39f331aab5c2,0,hierarchical_synthesis_pressure_meso,hierarchical_synthesis_pressure_meso_20260603_152341_398008
unavailable,unavailable,unavailable,unavailable,unavailable,94,380,0,286,manager_worker,group_3_agent_1,286,0.7526315789473684,segment_token_proxy,375,04b20d39-8af0-4c27-9534-876af71894dd,0,hierarchical_synthesis_pressure_meso,hierarchical_synthesis_pressure_meso_20260603_152341_398008
unavailable,unavailable,unavailable,unavailable,unavailable,94,380,0,286,manager_worker,group_4_agent_3,286,0.7526315789473684,segment_token_proxy,375,abe0d8ad-6c84-4e8c-956a-3a093f214775,0,hierarchical_synthesis_pressure_meso,hierarchical_synthesis_pressure_meso_20260603_152341_398008
unavailable,unavailable,unavailable,unavailable,unavailable,0,380,0,380,manager_worker,group_4_agent_4,380,1.0,exact_prompt_hash,375,5a20a289-dfc8-4353-b629-9ec09dd3d773,0,hierarchical_synthesis_pressure_meso,hierarchical_synthesis_pressure_meso_20260603_152341_398008
unavailable,unavailable,unavailable,unavailable,unavailable,0,380,0,380,manager_worker,group_3_agent_3,380,1.0,exact_prompt_hash,375,55b456d9-6542-4bb7-95bd-246a44e11842,0,hierarchical_synthesis_pressure_meso,hierarchical_synthesis_pressure_meso_20260603_152341_398008
unavailable,unavailable,unavailable,unavailable,unavailable,0,380,0,380,manager_worker,group_2_agent_4,380,1.0,exact_prompt_hash,375,f126b20c-9466-4b64-9dc5-f5687332d5ac,0,hierarchical_synthesis_pressure_meso,hierarchical_synthesis_pressure_meso_20260603_152341_398008
unavailable,unavailable,unavailable,unavailable,unavailable,0,380,0,380,manager_worker,group_3_agent_2,380,1.0,exact_prompt_hash,375,203499c7-0cbc-4d49-b68c-b715549a7b26,0,hierarchical_synthesis_pressure_meso,hierarchical_synthesis_pressure_meso_20260603_152341_398008
unavailable,unavailable,unavailable,unavailable,unavailable,0,380,0,380,manager_worker,group_2_agent_3,380,1.0,exact_prompt_hash,375,80064def-5c4b-4963-b8e9-e0ce8d5c185e,0,hierarchical_synthesis_pressure_meso,hierarchical_synthesis_pressure_meso_20260603_152341_398008
unavailable,unavailable,unavailable,unavailable,unavailable,0,380,0,380,manager_worker,group_4_agent_2,380,1.0,exact_prompt_hash,375,68d9a247-7800-4088-8758-613824ed01d0,0,hierarchical_synthesis_pressure_meso,hierarchical_synthesis_pressure_meso_20260603_152341_398008
unavailable,unavailable,unavailable,unavailable,unavailable,0,380,0,380,manager_worker,group_1_agent_4,380,1.0,exact_prompt_hash,375,1d3b5f53-317f-4954-b38d-5e196138554b,0,hierarchical_synthesis_pressure_meso,hierarchical_synthesis_pressure_meso_20260603_152341_398008
unavailable,unavailable,unavailable,unavailable,unavailable,0,380,0,380,manager_worker,group_3_agent_4,380,1.0,exact_prompt_hash,375,6b94f825-29fc-4f7c-a00c-d9dccad13d9e,0,hierarchical_synthesis_pressure_meso,hierarchical_synthesis_pressure_meso_20260603_152341_398008
unavailable,unavailable,unavailable,unavailable,unavailable,0,380,0,380,manager_worker,group_1_agent_2,380,1.0,exact_prompt_hash,375,4d366499-f3f9-4bc4-9f5d-6abfd92252f4,0,hierarchical_synthesis_pressure_meso,hierarchical_synthesis_pressure_meso_20260603_152341_398008
unavailable,unavailable,unavailable,unavailable,unavailable,0,380,0,380,manager_worker,group_1_agent_1,380,1.0,exact_prompt_hash,375,7544a4c4-cfd3-4616-8691-3b21538a5f6e,0,hierarchical_synthesis_pressure_meso,hierarchical_synthesis_pressure_meso_20260603_152341_398008
unavailable,unavailable,unavailable,unavailable,unavailable,0,380,0,380,manager_worker,group_4_agent_1,380,1.0,exact_prompt_hash,375,d081811d-1312-47ea-b4c8-81426dfdbe0d,0,hierarchical_synthesis_pressure_meso,hierarchical_synthesis_pressure_meso_20260603_152341_398008
unavailable,unavailable,unavailable,unavailable,unavailable,1494,1494,0,0,manager_worker,group_3_synth,0,0.0,none,0,57a9b7f2-bd31-4de5-9ae0-e0b719438d63,1487,hierarchical_synthesis_pressure_meso,hierarchical_synthesis_pressure_meso_20260603_152341_398008
unavailable,unavailable,unavailable,unavailable,unavailable,369,1481,0,1112,manager_worker,group_2_synth,1112,0.7508440243079001,segment_token_proxy,0,7ec8931d-7f82-4c53-9ffc-5c24192e556e,1473,hierarchical_synthesis_pressure_meso,hierarchical_synthesis_pressure_meso_20260603_152341_398008
unavailable,unavailable,unavailable,unavailable,unavailable,368,1476,0,1108,manager_worker,group_1_synth,1108,0.7506775067750677,segment_token_proxy,0,6bef46be-75dd-40f5-ab79-8c4c9bc47060,1470,hierarchical_synthesis_pressure_meso,hierarchical_synthesis_pressure_meso_20260603_152341_398008
unavailable,unavailable,unavailable,unavailable,unavailable,374,1495,0,1121,manager_worker,group_4_synth,1121,0.7498327759197324,segment_token_proxy,0,4ce694c6-b9f0-4b43-b2f5-28d61aed61f4,1488,hierarchical_synthesis_pressure_meso,hierarchical_synthesis_pressure_meso_20260603_152341_398008
unavailable,unavailable,unavailable,unavailable,unavailable,1492,1492,0,0,manager_worker,cross_group_reviewer,0,0.0,none,0,21ef1f03-e076-414c-96a2-0cc66a2ea541,1483,hierarchical_synthesis_pressure_meso,hierarchical_synthesis_pressure_meso_20260603_152341_398008
unavailable,unavailable,unavailable,unavailable,unavailable,373,373,0,0,manager_worker,global_synthesizer,0,0.0,none,0,1b0fd7d5-da1d-46f9-a529-206411170ac9,0,hierarchical_synthesis_pressure_meso,hierarchical_synthesis_pressure_meso_20260603_152341_398008
unavailable,unavailable,unavailable,unavailable,unavailable,238,238,0,0,hybrid_manager_peer,hybrid_manager_r0,0,0.0,none,0,590b44f4-3f83-4626-9723-7b89d583b11a,0,hybrid,hybrid_20260603_152755_367539
unavailable,unavailable,unavailable,unavailable,unavailable,1274,1274,0,0,hybrid_manager_peer,hybrid_agent_code_localization_mr0,0,0.0,none,0,ee435af3-4292-45c9-99a4-907238551607,0,hybrid,hybrid_20260603_152755_367539
unavailable,unavailable,unavailable,unavailable,unavailable,922,1883,0,961,hybrid_manager_peer,hybrid_agent_api_doc_mr0,961,0.5103558151885289,segment_token_proxy,0,20335a1f-d088-4c48-ace0-3dcfee3e19f9,0,hybrid,hybrid_20260603_152755_367539
unavailable,unavailable,unavailable,unavailable,unavailable,267,1090,0,823,hybrid_manager_peer,hybrid_agent_issue_triage_mr0,823,0.755045871559633,segment_token_proxy,0,0c4f70d0-bd3c-409d-ae66-9c647b68144c,0,hybrid,hybrid_20260603_152755_367539
unavailable,unavailable,unavailable,unavailable,unavailable,240,984,0,744,hybrid_manager_peer,hybrid_agent_repo_search_mr0,744,0.7560975609756098,segment_token_proxy,0,70c57802-da70-4be5-971f-6eb41d9d6bc3,0,hybrid,hybrid_20260603_152755_367539
unavailable,unavailable,unavailable,unavailable,unavailable,1173,1173,0,0,hybrid_manager_peer,hybrid_agent_issue_triage_mr0_pr1,0,0.0,none,0,3bb8fd0a-b35e-4ad9-89fd-3ac3298ba902,0,hybrid,hybrid_20260603_152755_367539
unavailable,unavailable,unavailable,unavailable,unavailable,295,1176,0,881,hybrid_manager_peer,hybrid_agent_api_doc_mr0_pr1,881,0.7491496598639455,segment_token_proxy,0,8bd59579-b260-43c7-a731-91b709ae2838,0,hybrid,hybrid_20260603_152755_367539
unavailable,unavailable,unavailable,unavailable,unavailable,293,1175,0,882,hybrid_manager_peer,hybrid_agent_code_localization_mr0_pr1,882,0.7506382978723404,segment_token_proxy,0,4ddb3d99-c4b3-4478-a6b0-b11a3e517d7b,0,hybrid,hybrid_20260603_152755_367539
unavailable,unavailable,unavailable,unavailable,unavailable,291,1170,0,879,hybrid_manager_peer,hybrid_agent_repo_search_mr0_pr1,879,0.7512820512820513,segment_token_proxy,0,90ab135a-2cdf-41d5-ba50-c38e18bd903e,0,hybrid,hybrid_20260603_152755_367539
unavailable,unavailable,unavailable,unavailable,unavailable,290,1163,0,873,hybrid_manager_peer,hybrid_agent_issue_triage_mr0_pr2,873,0.7506448839208942,segment_token_proxy,0,cc0b1593-1648-466e-b2dd-7d4ac3d6287d,0,hybrid,hybrid_20260603_152755_367539
unavailable,unavailable,unavailable,unavailable,unavailable,289,1162,0,873,hybrid_manager_peer,hybrid_agent_code_localization_mr0_pr2,873,0.7512908777969018,segment_token_proxy,0,55e11c00-19c6-468c-9ec0-214d2e9a7af2,0,hybrid,hybrid_20260603_152755_367539
unavailable,unavailable,unavailable,unavailable,unavailable,289,1161,0,872,hybrid_manager_peer,hybrid_agent_api_doc_mr0_pr2,872,0.7510766580534023,segment_token_proxy,0,2135e5fa-e189-4b9e-b5c7-b11e53b4a8db,0,hybrid,hybrid_20260603_152755_367539
unavailable,unavailable,unavailable,unavailable,unavailable,290,1164,0,874,hybrid_manager_peer,hybrid_agent_repo_search_mr0_pr2,874,0.7508591065292096,segment_token_proxy,0,3a2871e9-ae12-4149-889e-3f332ece6ad4,0,hybrid,hybrid_20260603_152755_367539
unavailable,unavailable,unavailable,unavailable,unavailable,1558,1741,0,183,hybrid_manager_peer,hybrid_manager_r1,183,0.10511200459506032,segment_token_proxy,0,70cfcab3-b91f-4a79-b41c-da736984ed1e,0,hybrid,hybrid_20260603_152755_367539
unavailable,unavailable,unavailable,unavailable,unavailable,248,1014,0,766,hybrid_manager_peer,hybrid_agent_test_reasoning_mr1,766,0.7554240631163708,segment_token_proxy,0,5a61403d-2ece-4915-bbc9-e2e487525f77,0,hybrid,hybrid_20260603_152755_367539
unavailable,unavailable,unavailable,unavailable,unavailable,413,1670,0,1257,hybrid_manager_peer,hybrid_agent_patch_planning_mr1,1257,0.7526946107784431,segment_token_proxy,0,03879557-6c5a-4f90-ab70-699efae22c25,0,hybrid,hybrid_20260603_152755_367539
unavailable,unavailable,unavailable,unavailable,unavailable,317,1294,0,977,hybrid_manager_peer,hybrid_agent_repo_search_mr1,977,0.7550231839258115,segment_token_proxy,0,4b93e3bd-a004-436c-b8cd-c8ff406f9746,0,hybrid,hybrid_20260603_152755_367539
unavailable,unavailable,unavailable,unavailable,unavailable,303,1235,0,932,hybrid_manager_peer,hybrid_agent_issue_triage_mr1,932,0.7546558704453441,segment_token_proxy,0,9ad341d1-bd4f-4b6d-b993-f4e987d8361f,0,hybrid,hybrid_20260603_152755_367539
unavailable,unavailable,unavailable,unavailable,unavailable,213,856,0,643,hybrid_manager_peer,hybrid_agent_test_reasoning_mr1_pr1,643,0.7511682242990654,segment_token_proxy,0,a446ef03-76ef-4739-81ba-e8ab24905448,0,hybrid,hybrid_20260603_152755_367539
unavailable,unavailable,unavailable,unavailable,unavailable,292,1174,0,882,hybrid_manager_peer,hybrid_agent_repo_search_mr1_pr1,882,0.7512776831345827,segment_token_proxy,0,f64092ab-9372-4973-8691-b59bcaede6b6,0,hybrid,hybrid_20260603_152755_367539
unavailable,unavailable,unavailable,unavailable,unavailable,213,856,0,643,hybrid_manager_peer,hybrid_agent_patch_planning_mr1_pr1,643,0.7511682242990654,segment_token_proxy,0,5031ecbe-e369-42c6-9dc4-7993bd1ec3f1,0,hybrid,hybrid_20260603_152755_367539
unavailable,unavailable,unavailable,unavailable,unavailable,213,857,0,644,hybrid_manager_peer,hybrid_agent_issue_triage_mr1_pr1,644,0.751458576429405,segment_token_proxy,0,b22d55fe-c50d-4808-856b-5639dda19329,0,hybrid,hybrid_20260603_152755_367539
unavailable,unavailable,unavailable,unavailable,unavailable,292,1173,0,881,hybrid_manager_peer,hybrid_agent_patch_planning_mr1_pr2,881,0.7510656436487638,segment_token_proxy,0,95cc73b1-b960-47bf-b818-e34bc41bd78d,0,hybrid,hybrid_20260603_152755_367539
unavailable,unavailable,unavailable,unavailable,unavailable,294,1177,0,883,hybrid_manager_peer,hybrid_agent_test_reasoning_mr1_pr2,883,0.7502124044180118,segment_token_proxy,0,edbec9a7-4a4c-4ca6-ba9e-d245cf0dd419,0,hybrid,hybrid_20260603_152755_367539
unavailable,unavailable,unavailable,unavailable,unavailable,292,1172,0,880,hybrid_manager_peer,hybrid_agent_issue_triage_mr1_pr2,880,0.7508532423208191,segment_token_proxy,0,ce47fb86-28f3-4c9e-a08f-fb58af8c0c8a,0,hybrid,hybrid_20260603_152755_367539
unavailable,unavailable,unavailable,unavailable,unavailable,292,1172,0,880,hybrid_manager_peer,hybrid_agent_repo_search_mr1_pr2,880,0.7508532423208191,segment_token_proxy,0,1fe47cc5-846b-41a8-a648-33bb2719b21a,0,hybrid,hybrid_20260603_152755_367539
unavailable,unavailable,unavailable,unavailable,unavailable,2973,2973,0,0,hybrid_manager_peer,finalizer,0,0.0,none,0,00427e68-b6ce-453b-889f-fdb0a57c393a,0,hybrid,hybrid_20260603_152755_367539
unavailable,unavailable,unavailable,unavailable,unavailable,905,905,0,0,review_loop,generator,0,0.0,none,0,a1cf3e63-a87c-4dfc-ad0a-5d1a64feed9f,0,retry_debug_pressure_meso,retry_debug_pressure_meso_20260603_152146_223035
unavailable,unavailable,unavailable,unavailable,unavailable,378,378,0,0,review_loop,verifier_r0,0,0.0,none,0,d4e85876-1acb-4b22-8b53-6426158a3b28,0,retry_debug_pressure_meso,retry_debug_pressure_meso_20260603_152146_223035
unavailable,unavailable,unavailable,unavailable,unavailable,375,375,0,0,review_loop,debugger_r0,0,0.0,none,0,db8955da-e807-4e7c-acce-b794be70840b,0,retry_debug_pressure_meso,retry_debug_pressure_meso_20260603_152146_223035
unavailable,unavailable,unavailable,unavailable,unavailable,190,752,0,562,review_loop,reviser_r1,562,0.7473404255319149,segment_token_proxy,0,2eb98e36-7d52-4790-94b9-ff0ec3703b74,0,retry_debug_pressure_meso,retry_debug_pressure_meso_20260603_152146_223035
unavailable,unavailable,unavailable,unavailable,unavailable,93,378,0,285,review_loop,verifier_r1,285,0.753968253968254,segment_token_proxy,0,7d2a1e3e-9974-435a-a1dc-4978f7933175,0,retry_debug_pressure_meso,retry_debug_pressure_meso_20260603_152146_223035
unavailable,unavailable,unavailable,unavailable,unavailable,92,374,0,282,review_loop,debugger_r1,282,0.7540106951871658,segment_token_proxy,0,7757da0c-5402-4254-941b-df7ad244db37,0,retry_debug_pressure_meso,retry_debug_pressure_meso_20260603_152146_223035
unavailable,unavailable,unavailable,unavailable,unavailable,186,751,0,565,review_loop,reviser_r2,565,0.7523302263648469,segment_token_proxy,0,d6fd6f5a-ca18-445e-9bb0-a752eef8db16,0,retry_debug_pressure_meso,retry_debug_pressure_meso_20260603_152146_223035
unavailable,unavailable,unavailable,unavailable,unavailable,94,379,0,285,review_loop,verifier_r2,285,0.7519788918205804,segment_token_proxy,0,5ee2835f-e52c-49c9-bed8-d69f7a4caaea,0,retry_debug_pressure_meso,retry_debug_pressure_meso_20260603_152146_223035
unavailable,unavailable,unavailable,unavailable,unavailable,96,379,0,283,review_loop,debugger_r2,283,0.7467018469656992,segment_token_proxy,0,609f0797-8b94-4a6b-b055-37be3f7dbf72,0,retry_debug_pressure_meso,retry_debug_pressure_meso_20260603_152146_223035
unavailable,unavailable,unavailable,unavailable,unavailable,187,752,0,565,review_loop,reviser_r3,565,0.7513297872340425,segment_token_proxy,0,29e35668-b51a-4bd2-a2c9-2d1b6104ef1b,0,retry_debug_pressure_meso,retry_debug_pressure_meso_20260603_152146_223035
unavailable,unavailable,unavailable,unavailable,unavailable,745,745,0,0,review_loop,finalizer,0,0.0,none,0,c2dbcd32-a8b2-4e72-9368-d03787df3039,0,retry_debug_pressure_meso,retry_debug_pressure_meso_20260603_152146_223035
unavailable,unavailable,unavailable,unavailable,unavailable,676,676,0,0,independent_multi_branch,writer_2,0,0.0,none,669,19010f6b-b80c-4b21-b6ff-b38b2d4dc5df,0,shared_memory_fanin_meso,shared_memory_fanin_meso_20260603_152552_989083
unavailable,unavailable,unavailable,unavailable,unavailable,5191,5699,0,508,independent_multi_branch,writer_1,508,0.08913844534128794,segment_token_proxy,5692,2104ad36-827e-43d8-84e8-a41bcefd6307,0,shared_memory_fanin_meso,shared_memory_fanin_meso_20260603_152552_989083
unavailable,unavailable,unavailable,unavailable,unavailable,738,738,0,0,independent_multi_branch,reader_4,0,0.0,none,5,8e33c63b-cdc6-48d6-833e-49fdbc4adbb3,730,shared_memory_fanin_meso,shared_memory_fanin_meso_20260603_152552_989083
unavailable,unavailable,unavailable,unavailable,unavailable,0,738,0,738,independent_multi_branch,reader_2,738,1.0,exact_prompt_hash,5,6724c8ac-8208-4e6c-b48b-9881f48b5786,730,shared_memory_fanin_meso,shared_memory_fanin_meso_20260603_152552_989083
unavailable,unavailable,unavailable,unavailable,unavailable,0,738,0,738,independent_multi_branch,reader_1,738,1.0,exact_prompt_hash,5,d24a5cf4-e03e-432d-8c87-aca03e6b1697,730,shared_memory_fanin_meso,shared_memory_fanin_meso_20260603_152552_989083
unavailable,unavailable,unavailable,unavailable,unavailable,0,738,0,738,independent_multi_branch,reader_3,738,1.0,exact_prompt_hash,5,1f6abc24-8193-43b2-8ddb-d30528832713,730,shared_memory_fanin_meso,shared_memory_fanin_meso_20260603_152552_989083
unavailable,unavailable,unavailable,unavailable,unavailable,1496,1496,0,0,independent_multi_branch,memory_reviewer,0,0.0,none,0,b12cd0c1-ef8a-4dca-872a-829843dee944,0,shared_memory_fanin_meso,shared_memory_fanin_meso_20260603_152552_989083
unavailable,unavailable,unavailable,unavailable,unavailable,379,379,0,0,independent_multi_branch,finalizer,0,0.0,none,0,5f53ad2a-2971-498e-806e-3d7dfb17c073,0,shared_memory_fanin_meso,shared_memory_fanin_meso_20260603_152552_989083
unavailable,unavailable,unavailable,unavailable,unavailable,137,137,0,0,composite_tool_resume,planner,0,0.0,none,0,e4f7f8ad-90a8-43e1-a837-705ef6e14ae8,0,tool_resume_contention_meso,tool_resume_contention_meso_20260603_163652_571098
unavailable,unavailable,unavailable,unavailable,unavailable,636,636,0,0,composite_tool_resume,tool_branch_8_tool_agent,0,0.0,none,0,b819e95a-9cc4-4e01-affc-b006818367dd,0,tool_resume_contention_meso,tool_resume_contention_meso_20260603_163652_571098
unavailable,unavailable,unavailable,unavailable,unavailable,157,636,0,479,composite_tool_resume,tool_branch_6_tool_agent,479,0.7531446540880503,segment_token_proxy,0,7d5a03dc-5046-4059-ae37-3e5eb74e63c2,0,tool_resume_contention_meso,tool_resume_contention_meso_20260603_163652_571098
unavailable,unavailable,unavailable,unavailable,unavailable,157,636,0,479,composite_tool_resume,tool_branch_4_tool_agent,479,0.7531446540880503,segment_token_proxy,0,228abc75-ac3b-4aae-9dfe-b6d15792ab3b,0,tool_resume_contention_meso,tool_resume_contention_meso_20260603_163652_571098
unavailable,unavailable,unavailable,unavailable,unavailable,157,636,0,479,composite_tool_resume,tool_branch_7_tool_agent,479,0.7531446540880503,segment_token_proxy,0,cb87ebc2-f96c-4384-bac0-b1ecdeb84ccd,0,tool_resume_contention_meso,tool_resume_contention_meso_20260603_163652_571098
unavailable,unavailable,unavailable,unavailable,unavailable,157,636,0,479,composite_tool_resume,tool_branch_2_tool_agent,479,0.7531446540880503,segment_token_proxy,0,38df17d1-cc38-49bb-980a-28fa9e8bf85e,0,tool_resume_contention_meso,tool_resume_contention_meso_20260603_163652_571098
unavailable,unavailable,unavailable,unavailable,unavailable,157,636,0,479,composite_tool_resume,tool_branch_3_tool_agent,479,0.7531446540880503,segment_token_proxy,0,1050afda-85ba-4ff6-b9bc-041f39ddbb5d,0,tool_resume_contention_meso,tool_resume_contention_meso_20260603_163652_571098
unavailable,unavailable,unavailable,unavailable,unavailable,157,636,0,479,composite_tool_resume,tool_branch_1_tool_agent,479,0.7531446540880503,segment_token_proxy,0,25716ae8-c9fe-4b03-82cf-bfdbcb6c000e,0,tool_resume_contention_meso,tool_resume_contention_meso_20260603_163652_571098
unavailable,unavailable,unavailable,unavailable,unavailable,157,636,0,479,composite_tool_resume,tool_branch_5_tool_agent,479,0.7531446540880503,segment_token_proxy,0,0af3c976-d4f8-4429-9f3d-2f7395312b8b,0,tool_resume_contention_meso,tool_resume_contention_meso_20260603_163652_571098
unavailable,unavailable,unavailable,unavailable,unavailable,622,622,0,0,composite_tool_resume,critical_coder,0,0.0,none,0,609395c2-0cce-4606-b98f-976b86acca90,0,tool_resume_contention_meso,tool_resume_contention_meso_20260603_163652_571098
unavailable,unavailable,unavailable,unavailable,unavailable,156,623,0,467,composite_tool_resume,background_coder,467,0.7495987158908507,segment_token_proxy,0,78fd97b5-82bc-4039-ab32-3aa48af7989f,0,tool_resume_contention_meso,tool_resume_contention_meso_20260603_163652_571098
unavailable,unavailable,unavailable,unavailable,unavailable,490,490,0,0,composite_tool_resume,critical_reviewer,0,0.0,none,0,69ef4057-cabe-4906-b73d-5a2fe75c8bcb,0,tool_resume_contention_meso,tool_resume_contention_meso_20260603_163652_571098
unavailable,unavailable,unavailable,unavailable,unavailable,829,829,0,0,composite_tool_resume,resume_evidence_processor_4,0,0.0,none,0,68aa9f74-0e6b-4ce9-acf2-364badd9d26b,0,tool_resume_contention_meso,tool_resume_contention_meso_20260603_163652_571098
unavailable,unavailable,unavailable,unavailable,unavailable,197,796,0,599,composite_tool_resume,resume_evidence_processor_1,599,0.7525125628140703,segment_token_proxy,0,f9b6ecfc-60c2-48b9-b043-907fb0e49428,0,tool_resume_contention_meso,tool_resume_contention_meso_20260603_163652_571098
unavailable,unavailable,unavailable,unavailable,unavailable,278,901,0,623,composite_tool_resume,resume_evidence_processor_3,623,0.6914539400665927,segment_token_proxy,0,02143c2a-f351-4432-923c-2b14231ccce5,0,tool_resume_contention_meso,tool_resume_contention_meso_20260603_163652_571098
unavailable,unavailable,unavailable,unavailable,unavailable,219,881,0,662,composite_tool_resume,resume_evidence_processor_2,662,0.7514188422247446,segment_token_proxy,0,01a2bed4-33e4-4319-850d-e000341aa46e,0,tool_resume_contention_meso,tool_resume_contention_meso_20260603_163652_571098
unavailable,unavailable,unavailable,unavailable,unavailable,208,838,0,630,composite_tool_resume,resume_evidence_processor_6,630,0.7517899761336515,segment_token_proxy,0,7065d546-ce4d-49aa-b0f0-e306654f6045,0,tool_resume_contention_meso,tool_resume_contention_meso_20260603_163652_571098
unavailable,unavailable,unavailable,unavailable,unavailable,208,838,0,630,composite_tool_resume,resume_evidence_processor_5,630,0.7517899761336515,segment_token_proxy,0,b3d8b0c7-9772-4847-9911-03fcfb8f0b5f,0,tool_resume_contention_meso,tool_resume_contention_meso_20260603_163652_571098
unavailable,unavailable,unavailable,unavailable,unavailable,214,862,0,648,composite_tool_resume,resume_evidence_processor_7,648,0.7517401392111369,segment_token_proxy,0,b0205992-446b-42a3-a2ba-1241d8c94d8a,0,tool_resume_contention_meso,tool_resume_contention_meso_20260603_163652_571098
unavailable,unavailable,unavailable,unavailable,unavailable,199,803,0,604,composite_tool_resume,resume_evidence_processor_8,604,0.7521793275217933,segment_token_proxy,0,e8ec5a7c-d2f6-48c0-8f38-7a575e51f1f7,0,tool_resume_contention_meso,tool_resume_contention_meso_20260603_163652_571098
unavailable,unavailable,unavailable,unavailable,unavailable,985,985,0,0,composite_tool_resume,finalizer,0,0.0,none,0,73a08076-dc5d-46fd-89b3-0c1facfa7947,0,tool_resume_contention_meso,tool_resume_contention_meso_20260603_163652_571098
unavailable,unavailable,unavailable,unavailable,unavailable,4377,4377,0,0,composite_tool_resume,evidence_merge,0,0.0,none,0,859dec19-9455-4725-b433-53f99de2c65a,0,tool_resume_contention_meso,tool_resume_contention_meso_20260603_163652_571098
unavailable,unavailable,unavailable,unavailable,unavailable,137,137,0,0,composite_tool_resume,planner,0,0.0,none,0,918ae9d0-b348-44e1-b506-9c54ce945d58,0,tool_resume_contention_meso,tool_resume_contention_meso_20260603_163938_901759
unavailable,unavailable,unavailable,unavailable,unavailable,642,642,0,0,composite_tool_resume,tool_branch_4_tool_agent,0,0.0,none,0,a6d12d6c-5e6f-4b5a-b0c0-f8c0b4f1a355,0,tool_resume_contention_meso,tool_resume_contention_meso_20260603_163938_901759
unavailable,unavailable,unavailable,unavailable,unavailable,158,642,0,484,composite_tool_resume,tool_branch_2_tool_agent,484,0.7538940809968847,segment_token_proxy,0,5fa018aa-92d4-4fd1-b9a3-bd3a9444d1dc,0,tool_resume_contention_meso,tool_resume_contention_meso_20260603_163938_901759
unavailable,unavailable,unavailable,unavailable,unavailable,158,642,0,484,composite_tool_resume,tool_branch_7_tool_agent,484,0.7538940809968847,segment_token_proxy,0,2b150c54-264a-49fc-8f9a-9a0a1ed343e4,0,tool_resume_contention_meso,tool_resume_contention_meso_20260603_163938_901759
unavailable,unavailable,unavailable,unavailable,unavailable,158,642,0,484,composite_tool_resume,tool_branch_6_tool_agent,484,0.7538940809968847,segment_token_proxy,0,b13885c5-3c51-4f72-8be4-5feab6c78ead,0,tool_resume_contention_meso,tool_resume_contention_meso_20260603_163938_901759
unavailable,unavailable,unavailable,unavailable,unavailable,158,642,0,484,composite_tool_resume,tool_branch_1_tool_agent,484,0.7538940809968847,segment_token_proxy,0,6681f194-b37a-48a6-a5d8-6eb5fa0a9814,0,tool_resume_contention_meso,tool_resume_contention_meso_20260603_163938_901759
unavailable,unavailable,unavailable,unavailable,unavailable,158,642,0,484,composite_tool_resume,tool_branch_5_tool_agent,484,0.7538940809968847,segment_token_proxy,0,a0ba9d11-2839-4cfe-a1b7-3f7e6170796f,0,tool_resume_contention_meso,tool_resume_contention_meso_20260603_163938_901759
unavailable,unavailable,unavailable,unavailable,unavailable,158,642,0,484,composite_tool_resume,tool_branch_3_tool_agent,484,0.7538940809968847,segment_token_proxy,0,c6ed48bf-7d66-42fe-a8b1-955c8f18e672,0,tool_resume_contention_meso,tool_resume_contention_meso_20260603_163938_901759
unavailable,unavailable,unavailable,unavailable,unavailable,158,642,0,484,composite_tool_resume,tool_branch_8_tool_agent,484,0.7538940809968847,segment_token_proxy,0,189f1776-3b96-40a3-8e01-36468281747f,0,tool_resume_contention_meso,tool_resume_contention_meso_20260603_163938_901759
unavailable,unavailable,unavailable,unavailable,unavailable,628,628,0,0,composite_tool_resume,critical_coder,0,0.0,none,0,99dc063b-298d-449c-a68d-c21becc4bf69,0,tool_resume_contention_meso,tool_resume_contention_meso_20260603_163938_901759
unavailable,unavailable,unavailable,unavailable,unavailable,157,629,0,472,composite_tool_resume,background_coder,472,0.7503974562798092,segment_token_proxy,0,722cf8fd-4ed6-4e1a-8d00-def8865dc480,0,tool_resume_contention_meso,tool_resume_contention_meso_20260603_163938_901759
unavailable,unavailable,unavailable,unavailable,unavailable,495,495,0,0,composite_tool_resume,critical_reviewer,0,0.0,none,0,2a31298a-a64b-4d7b-8104-02aa818aed52,0,tool_resume_contention_meso,tool_resume_contention_meso_20260603_163938_901759
unavailable,unavailable,unavailable,unavailable,unavailable,0,862,862,0,composite_tool_resume,resume_evidence_processor_7,862,1.0,exact_prompt_hash,0,8883cca5-89f1-49de-99d8-ba9b319017e9,0,tool_resume_contention_meso,tool_resume_contention_meso_20260603_163938_901759
unavailable,unavailable,unavailable,unavailable,unavailable,0,838,838,0,composite_tool_resume,resume_evidence_processor_6,838,1.0,exact_prompt_hash,0,42f808f7-b48d-4559-9dba-e2ec41aea8bd,0,tool_resume_contention_meso,tool_resume_contention_meso_20260603_163938_901759
unavailable,unavailable,unavailable,unavailable,unavailable,0,796,796,0,composite_tool_resume,resume_evidence_processor_1,796,1.0,exact_prompt_hash,0,d9c88013-3140-4c94-9bd7-096f32bcef44,0,tool_resume_contention_meso,tool_resume_contention_meso_20260603_163938_901759
unavailable,unavailable,unavailable,unavailable,unavailable,0,803,803,0,composite_tool_resume,resume_evidence_processor_8,803,1.0,exact_prompt_hash,0,90f30190-8454-4448-9e3c-15a7e3baf6c5,0,tool_resume_contention_meso,tool_resume_contention_meso_20260603_163938_901759
unavailable,unavailable,unavailable,unavailable,unavailable,0,901,901,0,composite_tool_resume,resume_evidence_processor_3,901,1.0,exact_prompt_hash,0,2aa16df3-d770-404c-b0ee-6bffcb3d58b4,0,tool_resume_contention_meso,tool_resume_contention_meso_20260603_163938_901759
unavailable,unavailable,unavailable,unavailable,unavailable,0,838,838,0,composite_tool_resume,resume_evidence_processor_5,838,1.0,exact_prompt_hash,0,a3a0ceea-d618-4027-8feb-2aa53c248da9,0,tool_resume_contention_meso,tool_resume_contention_meso_20260603_163938_901759
unavailable,unavailable,unavailable,unavailable,unavailable,0,881,881,0,composite_tool_resume,resume_evidence_processor_2,881,1.0,exact_prompt_hash,0,ed0288e8-015a-4386-9048-8d52f6184ec9,0,tool_resume_contention_meso,tool_resume_contention_meso_20260603_163938_901759
unavailable,unavailable,unavailable,unavailable,unavailable,0,829,829,0,composite_tool_resume,resume_evidence_processor_4,829,1.0,exact_prompt_hash,0,f491816c-1613-4a34-974e-1e4a990afe99,0,tool_resume_contention_meso,tool_resume_contention_meso_20260603_163938_901759
unavailable,unavailable,unavailable,unavailable,unavailable,990,990,0,0,composite_tool_resume,finalizer,0,0.0,none,0,384271fb-a213-498b-8f42-a7ffc8d06301,0,tool_resume_contention_meso,tool_resume_contention_meso_20260603_163938_901759
unavailable,unavailable,unavailable,unavailable,unavailable,4368,4368,0,0,composite_tool_resume,evidence_merge,0,0.0,none,0,c30b4ff9-c690-4ba7-8d58-4318f969939e,0,tool_resume_contention_meso,tool_resume_contention_meso_20260603_163938_901759
unavailable,unavailable,unavailable,unavailable,unavailable,66,66,0,0,composite_tool_resume,planner,0,0.0,none,0,c8453975-129f-4a39-aea1-184b23b1f5e1,0,tool_resume_contention_meso,tool_resume_contention_meso_20260603_152522_507846
unavailable,unavailable,unavailable,unavailable,unavailable,447,447,0,0,composite_tool_resume,tool_branch_1_tool_agent,0,0.0,none,0,8f5283eb-3e72-4dbb-aee1-0d164c455284,0,tool_resume_contention_meso,tool_resume_contention_meso_20260603_152522_507846
unavailable,unavailable,unavailable,unavailable,unavailable,110,447,0,337,composite_tool_resume,tool_branch_2_tool_agent,337,0.7539149888143176,segment_token_proxy,0,96c2de75-1b65-4c85-a5a8-f527c180623d,0,tool_resume_contention_meso,tool_resume_contention_meso_20260603_152522_507846
unavailable,unavailable,unavailable,unavailable,unavailable,110,447,0,337,composite_tool_resume,tool_branch_3_tool_agent,337,0.7539149888143176,segment_token_proxy,0,6527f39c-1c90-40d0-a482-5fc0d3043941,0,tool_resume_contention_meso,tool_resume_contention_meso_20260603_152522_507846
unavailable,unavailable,unavailable,unavailable,unavailable,110,447,0,337,composite_tool_resume,tool_branch_4_tool_agent,337,0.7539149888143176,segment_token_proxy,0,c89d58d3-7b8e-4e68-874e-d77eb01e8429,0,tool_resume_contention_meso,tool_resume_contention_meso_20260603_152522_507846
unavailable,unavailable,unavailable,unavailable,unavailable,434,434,0,0,composite_tool_resume,background_coder,0,0.0,none,0,0f9c9971-f251-4420-86c5-c7eb6377ac58,0,tool_resume_contention_meso,tool_resume_contention_meso_20260603_152522_507846
unavailable,unavailable,unavailable,unavailable,unavailable,107,433,0,326,composite_tool_resume,critical_coder,326,0.7528868360277137,segment_token_proxy,0,ccb3a8c5-45f4-4341-8c68-7b96fc327fee,0,tool_resume_contention_meso,tool_resume_contention_meso_20260603_152522_507846
unavailable,unavailable,unavailable,unavailable,unavailable,372,372,0,0,composite_tool_resume,critical_reviewer,0,0.0,none,0,4b5803ce-3679-4869-b6c4-ebde38c0d550,0,tool_resume_contention_meso,tool_resume_contention_meso_20260603_152522_507846
unavailable,unavailable,unavailable,unavailable,unavailable,685,685,0,0,composite_tool_resume,resume_evidence_processor_1,0,0.0,none,0,3fd7d3b5-3804-4387-8e8e-f9e1e66e60b1,0,tool_resume_contention_meso,tool_resume_contention_meso_20260603_152522_507846
unavailable,unavailable,unavailable,unavailable,unavailable,154,623,0,469,composite_tool_resume,resume_evidence_processor_4,469,0.7528089887640449,segment_token_proxy,0,16b456e0-a754-417e-8719-9c3026ddb0bf,0,tool_resume_contention_meso,tool_resume_contention_meso_20260603_152522_507846
unavailable,unavailable,unavailable,unavailable,unavailable,427,942,0,515,composite_tool_resume,resume_evidence_processor_3,515,0.5467091295116773,segment_token_proxy,0,f2b7f53d-12d1-4383-a391-15b45fa57491,0,tool_resume_contention_meso,tool_resume_contention_meso_20260603_152522_507846
unavailable,unavailable,unavailable,unavailable,unavailable,206,831,0,625,composite_tool_resume,resume_evidence_processor_2,625,0.7521058965102286,segment_token_proxy,0,214afe19-f4b7-484b-a70f-1a5e91ae499c,0,tool_resume_contention_meso,tool_resume_contention_meso_20260603_152522_507846
unavailable,unavailable,unavailable,unavailable,unavailable,759,759,0,0,composite_tool_resume,finalizer,0,0.0,none,0,5228f11b-47f3-4527-b4b9-a9519aee4c76,0,tool_resume_contention_meso,tool_resume_contention_meso_20260603_152522_507846
unavailable,unavailable,unavailable,unavailable,unavailable,1821,1821,0,0,composite_tool_resume,evidence_merge,0,0.0,none,0,6b545e87-ecff-4df1-bec3-14df04011850,0,tool_resume_contention_meso,tool_resume_contention_meso_20260603_152522_507846
unavailable,unavailable,unavailable,unavailable,unavailable,137,137,0,0,composite_tool_resume,planner,0,0.0,none,0,41112bcf-146f-4ba3-a197-0bd3421e214d,0,tool_resume_contention_meso,tool_resume_contention_meso_20260603_163612_203397
unavailable,unavailable,unavailable,unavailable,unavailable,633,633,0,0,composite_tool_resume,tool_branch_4_tool_agent,0,0.0,none,0,4e8647cc-83f8-4c98-beb0-de2b2dd5799a,0,tool_resume_contention_meso,tool_resume_contention_meso_20260603_163612_203397
unavailable,unavailable,unavailable,unavailable,unavailable,156,633,0,477,composite_tool_resume,tool_branch_3_tool_agent,477,0.7535545023696683,segment_token_proxy,0,826c8b0f-791d-46ab-861d-45480b9322bf,0,tool_resume_contention_meso,tool_resume_contention_meso_20260603_163612_203397
unavailable,unavailable,unavailable,unavailable,unavailable,156,633,0,477,composite_tool_resume,tool_branch_2_tool_agent,477,0.7535545023696683,segment_token_proxy,0,6f78ca32-937f-4b1e-931b-74b8e06449b9,0,tool_resume_contention_meso,tool_resume_contention_meso_20260603_163612_203397
unavailable,unavailable,unavailable,unavailable,unavailable,620,620,0,0,composite_tool_resume,background_coder,0,0.0,none,0,359c5690-a5df-4c85-bc43-7a0d1c55100a,0,tool_resume_contention_meso,tool_resume_contention_meso_20260603_163612_203397
unavailable,unavailable,unavailable,unavailable,unavailable,156,633,0,477,composite_tool_resume,tool_branch_1_tool_agent,477,0.7535545023696683,segment_token_proxy,0,b612c96b-adab-4b87-bf06-088786be7974,0,tool_resume_contention_meso,tool_resume_contention_meso_20260603_163612_203397
unavailable,unavailable,unavailable,unavailable,unavailable,154,619,0,465,composite_tool_resume,critical_coder,465,0.7512116316639742,segment_token_proxy,0,9f55727a-b140-454e-9229-329bf16fce41,0,tool_resume_contention_meso,tool_resume_contention_meso_20260603_163612_203397
unavailable,unavailable,unavailable,unavailable,unavailable,488,488,0,0,composite_tool_resume,critical_reviewer,0,0.0,none,0,ec59223a-4d89-4d36-95fe-dcb820b45b65,0,tool_resume_contention_meso,tool_resume_contention_meso_20260603_163612_203397
unavailable,unavailable,unavailable,unavailable,unavailable,0,881,881,0,composite_tool_resume,resume_evidence_processor_2,881,1.0,exact_prompt_hash,0,146cc71e-d44a-4042-9d58-708c6b2f7667,0,tool_resume_contention_meso,tool_resume_contention_meso_20260603_163612_203397
unavailable,unavailable,unavailable,unavailable,unavailable,0,796,796,0,composite_tool_resume,resume_evidence_processor_1,796,1.0,exact_prompt_hash,0,57c66b5a-2817-4cc5-ba03-3bea1d2b69bf,0,tool_resume_contention_meso,tool_resume_contention_meso_20260603_163612_203397
unavailable,unavailable,unavailable,unavailable,unavailable,0,901,901,0,composite_tool_resume,resume_evidence_processor_3,901,1.0,exact_prompt_hash,0,17cad500-5ed2-4722-b1c6-19680d47c783,0,tool_resume_contention_meso,tool_resume_contention_meso_20260603_163612_203397
unavailable,unavailable,unavailable,unavailable,unavailable,0,829,829,0,composite_tool_resume,resume_evidence_processor_4,829,1.0,exact_prompt_hash,0,fd3e3a6e-e498-4558-b52a-cb06162ba2be,0,tool_resume_contention_meso,tool_resume_contention_meso_20260603_163612_203397
unavailable,unavailable,unavailable,unavailable,unavailable,986,986,0,0,composite_tool_resume,finalizer,0,0.0,none,0,066b2823-42e4-45cb-a728-e57b92e734c9,0,tool_resume_contention_meso,tool_resume_contention_meso_20260603_163612_203397
unavailable,unavailable,unavailable,unavailable,unavailable,2429,2429,0,0,composite_tool_resume,evidence_merge,0,0.0,none,0,b6eab136-9ccb-4f7f-8a4d-ef39d63f8c1b,0,tool_resume_contention_meso,tool_resume_contention_meso_20260603_163612_203397
unavailable,unavailable,unavailable,unavailable,unavailable,137,137,0,0,composite_tool_resume,planner,0,0.0,none,0,0c176a58-c559-48df-913e-2f910f5cca8f,0,tool_resume_contention_meso,tool_resume_contention_meso_20260603_163816_416182
unavailable,unavailable,unavailable,unavailable,unavailable,638,638,0,0,composite_tool_resume,tool_branch_1_tool_agent,0,0.0,none,0,00bce2b4-56df-427f-9424-fd5c7f3f9961,0,tool_resume_contention_meso,tool_resume_contention_meso_20260603_163816_416182
unavailable,unavailable,unavailable,unavailable,unavailable,157,638,0,481,composite_tool_resume,tool_branch_3_tool_agent,481,0.7539184952978056,segment_token_proxy,0,b3a3d272-0a4e-4459-bb98-27f9a93fb434,0,tool_resume_contention_meso,tool_resume_contention_meso_20260603_163816_416182
unavailable,unavailable,unavailable,unavailable,unavailable,157,638,0,481,composite_tool_resume,tool_branch_2_tool_agent,481,0.7539184952978056,segment_token_proxy,0,67cfb079-0755-4cc8-a5ef-d8930bd3873d,0,tool_resume_contention_meso,tool_resume_contention_meso_20260603_163816_416182
unavailable,unavailable,unavailable,unavailable,unavailable,157,638,0,481,composite_tool_resume,tool_branch_4_tool_agent,481,0.7539184952978056,segment_token_proxy,0,c24d92f4-d3ae-4fa5-b161-d69f06e16ea0,0,tool_resume_contention_meso,tool_resume_contention_meso_20260603_163816_416182
unavailable,unavailable,unavailable,unavailable,unavailable,625,625,0,0,composite_tool_resume,background_coder,0,0.0,none,0,e54a9ec3-b697-43e7-8842-8aa53e9449e7,0,tool_resume_contention_meso,tool_resume_contention_meso_20260603_163816_416182
unavailable,unavailable,unavailable,unavailable,unavailable,155,624,0,469,composite_tool_resume,critical_coder,469,0.7516025641025641,segment_token_proxy,0,e6906e27-d9e5-4035-b888-d407a5e8bde5,0,tool_resume_contention_meso,tool_resume_contention_meso_20260603_163816_416182
unavailable,unavailable,unavailable,unavailable,unavailable,494,494,0,0,composite_tool_resume,critical_reviewer,0,0.0,none,0,01920c1f-9178-4d13-b454-06a04e607e9a,0,tool_resume_contention_meso,tool_resume_contention_meso_20260603_163816_416182
unavailable,unavailable,unavailable,unavailable,unavailable,0,796,796,0,composite_tool_resume,resume_evidence_processor_1,796,1.0,exact_prompt_hash,0,f4f9214f-b34f-4e1e-bd60-db90bafed843,0,tool_resume_contention_meso,tool_resume_contention_meso_20260603_163816_416182
unavailable,unavailable,unavailable,unavailable,unavailable,0,901,901,0,composite_tool_resume,resume_evidence_processor_3,901,1.0,exact_prompt_hash,0,3709dcbd-2b27-499a-8f16-ff0133dd5398,0,tool_resume_contention_meso,tool_resume_contention_meso_20260603_163816_416182
unavailable,unavailable,unavailable,unavailable,unavailable,0,881,881,0,composite_tool_resume,resume_evidence_processor_2,881,1.0,exact_prompt_hash,0,3a9e2cbf-1605-42c0-bf5a-88692103977e,0,tool_resume_contention_meso,tool_resume_contention_meso_20260603_163816_416182
unavailable,unavailable,unavailable,unavailable,unavailable,0,829,829,0,composite_tool_resume,resume_evidence_processor_4,829,1.0,exact_prompt_hash,0,e3c03a8c-c618-4b48-87e8-f325bc8768ba,0,tool_resume_contention_meso,tool_resume_contention_meso_20260603_163816_416182
unavailable,unavailable,unavailable,unavailable,unavailable,993,993,0,0,composite_tool_resume,finalizer,0,0.0,none,0,ecd4f47d-8c17-44ce-9f1d-ccc998a375cb,0,tool_resume_contention_meso,tool_resume_contention_meso_20260603_163816_416182
unavailable,unavailable,unavailable,unavailable,unavailable,2440,2440,0,0,composite_tool_resume,evidence_merge,0,0.0,none,0,79b9b1da-8a60-4648-bbd5-ddf5554e4379,0,tool_resume_contention_meso,tool_resume_contention_meso_20260603_163816_416182
unavailable,unavailable,unavailable,unavailable,unavailable,137,137,0,0,composite_tool_resume,planner,0,0.0,none,0,490fe15e-a331-4aad-ad6a-18063645a6b2,0,tool_resume_contention_meso,tool_resume_contention_meso_20260603_163856_930471
unavailable,unavailable,unavailable,unavailable,unavailable,622,622,0,0,composite_tool_resume,critical_coder,0,0.0,none,0,dab6c168-8f6a-4cb3-b937-1a099b762d37,0,tool_resume_contention_meso,tool_resume_contention_meso_20260603_163856_930471
unavailable,unavailable,unavailable,unavailable,unavailable,635,635,0,0,composite_tool_resume,tool_branch_2_tool_agent,0,0.0,none,0,f201a336-8bd8-46c7-af27-1813fbc9f69a,0,tool_resume_contention_meso,tool_resume_contention_meso_20260603_163856_930471
unavailable,unavailable,unavailable,unavailable,unavailable,157,635,0,478,composite_tool_resume,tool_branch_5_tool_agent,478,0.752755905511811,segment_token_proxy,0,371e16b5-fed4-4773-b8a6-0dd695f271bc,0,tool_resume_contention_meso,tool_resume_contention_meso_20260603_163856_930471
unavailable,unavailable,unavailable,unavailable,unavailable,157,635,0,478,composite_tool_resume,tool_branch_8_tool_agent,478,0.752755905511811,segment_token_proxy,0,d54925da-b815-4ddb-aab5-f28a5b553e41,0,tool_resume_contention_meso,tool_resume_contention_meso_20260603_163856_930471
unavailable,unavailable,unavailable,unavailable,unavailable,157,635,0,478,composite_tool_resume,tool_branch_1_tool_agent,478,0.752755905511811,segment_token_proxy,0,818515ba-19c5-486f-865a-17522f872141,0,tool_resume_contention_meso,tool_resume_contention_meso_20260603_163856_930471
unavailable,unavailable,unavailable,unavailable,unavailable,157,635,0,478,composite_tool_resume,tool_branch_7_tool_agent,478,0.752755905511811,segment_token_proxy,0,2bb36735-c218-4a3f-b9d1-c7a992e4fab0,0,tool_resume_contention_meso,tool_resume_contention_meso_20260603_163856_930471
unavailable,unavailable,unavailable,unavailable,unavailable,157,635,0,478,composite_tool_resume,tool_branch_3_tool_agent,478,0.752755905511811,segment_token_proxy,0,eb05aaca-b8f4-4b42-bcec-be28dda4c6f8,0,tool_resume_contention_meso,tool_resume_contention_meso_20260603_163856_930471
unavailable,unavailable,unavailable,unavailable,unavailable,157,635,0,478,composite_tool_resume,tool_branch_6_tool_agent,478,0.752755905511811,segment_token_proxy,0,20df2c82-1c95-4ae6-91b7-e949b32e7b12,0,tool_resume_contention_meso,tool_resume_contention_meso_20260603_163856_930471
unavailable,unavailable,unavailable,unavailable,unavailable,157,635,0,478,composite_tool_resume,tool_branch_4_tool_agent,478,0.752755905511811,segment_token_proxy,0,577b827a-d5bd-4212-aa13-85c92e10d68f,0,tool_resume_contention_meso,tool_resume_contention_meso_20260603_163856_930471
unavailable,unavailable,unavailable,unavailable,unavailable,156,623,0,467,composite_tool_resume,background_coder,467,0.7495987158908507,segment_token_proxy,0,fb208666-1c6d-4020-ae65-b7c4784e1631,0,tool_resume_contention_meso,tool_resume_contention_meso_20260603_163856_930471
unavailable,unavailable,unavailable,unavailable,unavailable,495,495,0,0,composite_tool_resume,critical_reviewer,0,0.0,none,0,f1e74e73-3dcf-41c3-a79c-41009cb4902a,0,tool_resume_contention_meso,tool_resume_contention_meso_20260603_163856_930471
unavailable,unavailable,unavailable,unavailable,unavailable,0,838,838,0,composite_tool_resume,resume_evidence_processor_5,838,1.0,exact_prompt_hash,0,303d6051-2f8f-4b7d-97c0-d5ca23f13dd6,0,tool_resume_contention_meso,tool_resume_contention_meso_20260603_163856_930471
unavailable,unavailable,unavailable,unavailable,unavailable,0,881,881,0,composite_tool_resume,resume_evidence_processor_2,881,1.0,exact_prompt_hash,0,5127098a-e3c7-4f3e-b8e6-12ef3e5d6c93,0,tool_resume_contention_meso,tool_resume_contention_meso_20260603_163856_930471
unavailable,unavailable,unavailable,unavailable,unavailable,0,829,829,0,composite_tool_resume,resume_evidence_processor_4,829,1.0,exact_prompt_hash,0,48f39116-53b1-4b76-a51b-6daa0c78fb46,0,tool_resume_contention_meso,tool_resume_contention_meso_20260603_163856_930471
unavailable,unavailable,unavailable,unavailable,unavailable,0,803,803,0,composite_tool_resume,resume_evidence_processor_8,803,1.0,exact_prompt_hash,0,cc70ace8-be2b-4307-a431-62c691b6bb5e,0,tool_resume_contention_meso,tool_resume_contention_meso_20260603_163856_930471
unavailable,unavailable,unavailable,unavailable,unavailable,0,796,796,0,composite_tool_resume,resume_evidence_processor_1,796,1.0,exact_prompt_hash,0,12b2d793-9cf5-4b81-83c6-26e961eb7315,0,tool_resume_contention_meso,tool_resume_contention_meso_20260603_163856_930471
unavailable,unavailable,unavailable,unavailable,unavailable,0,838,838,0,composite_tool_resume,resume_evidence_processor_6,838,1.0,exact_prompt_hash,0,c794ab65-db22-49a2-b69c-5ecec8539d6b,0,tool_resume_contention_meso,tool_resume_contention_meso_20260603_163856_930471
unavailable,unavailable,unavailable,unavailable,unavailable,0,901,901,0,composite_tool_resume,resume_evidence_processor_3,901,1.0,exact_prompt_hash,0,162bbd52-e4a2-4ff6-862c-0423337509b2,0,tool_resume_contention_meso,tool_resume_contention_meso_20260603_163856_930471
unavailable,unavailable,unavailable,unavailable,unavailable,0,862,862,0,composite_tool_resume,resume_evidence_processor_7,862,1.0,exact_prompt_hash,0,e8adddcf-7631-4a2f-b9e0-645d3ac8c97a,0,tool_resume_contention_meso,tool_resume_contention_meso_20260603_163856_930471
unavailable,unavailable,unavailable,unavailable,unavailable,996,996,0,0,composite_tool_resume,finalizer,0,0.0,none,0,eaa4833c-59c2-45ea-80cb-0e9193703d98,0,tool_resume_contention_meso,tool_resume_contention_meso_20260603_163856_930471
unavailable,unavailable,unavailable,unavailable,unavailable,4355,4355,0,0,composite_tool_resume,evidence_merge,0,0.0,none,0,c0db5577-024f-496a-ab71-c9f045b3f71c,0,tool_resume_contention_meso,tool_resume_contention_meso_20260603_163856_930471
unavailable,unavailable,unavailable,unavailable,unavailable,137,137,0,0,composite_tool_resume,planner,0,0.0,none,0,348e1974-78f7-42ac-8f86-8d81c903d8e4,0,tool_resume_contention_meso,tool_resume_contention_meso_20260603_163734_553272
unavailable,unavailable,unavailable,unavailable,unavailable,636,636,0,0,composite_tool_resume,tool_branch_8_tool_agent,0,0.0,none,0,4e5c51eb-9f3c-4d56-88fa-626c7debfe04,0,tool_resume_contention_meso,tool_resume_contention_meso_20260603_163734_553272
unavailable,unavailable,unavailable,unavailable,unavailable,157,636,0,479,composite_tool_resume,tool_branch_5_tool_agent,479,0.7531446540880503,segment_token_proxy,0,5253a94b-417d-4dac-a80a-33641857dd73,0,tool_resume_contention_meso,tool_resume_contention_meso_20260603_163734_553272
unavailable,unavailable,unavailable,unavailable,unavailable,157,636,0,479,composite_tool_resume,tool_branch_2_tool_agent,479,0.7531446540880503,segment_token_proxy,0,4fc4e4d0-81c6-48e9-be81-adbf044a1933,0,tool_resume_contention_meso,tool_resume_contention_meso_20260603_163734_553272
unavailable,unavailable,unavailable,unavailable,unavailable,157,636,0,479,composite_tool_resume,tool_branch_7_tool_agent,479,0.7531446540880503,segment_token_proxy,0,aed53273-c323-45fd-852d-1cd380e15771,0,tool_resume_contention_meso,tool_resume_contention_meso_20260603_163734_553272
unavailable,unavailable,unavailable,unavailable,unavailable,157,636,0,479,composite_tool_resume,tool_branch_4_tool_agent,479,0.7531446540880503,segment_token_proxy,0,a7460c65-5931-4ff4-9b6e-25726e99806f,0,tool_resume_contention_meso,tool_resume_contention_meso_20260603_163734_553272
unavailable,unavailable,unavailable,unavailable,unavailable,157,636,0,479,composite_tool_resume,tool_branch_3_tool_agent,479,0.7531446540880503,segment_token_proxy,0,0af74e1c-23bb-4682-a970-6e737c4e6b33,0,tool_resume_contention_meso,tool_resume_contention_meso_20260603_163734_553272
unavailable,unavailable,unavailable,unavailable,unavailable,157,636,0,479,composite_tool_resume,tool_branch_6_tool_agent,479,0.7531446540880503,segment_token_proxy,0,5aab7405-d6c8-48e9-9e8a-746be58414fc,0,tool_resume_contention_meso,tool_resume_contention_meso_20260603_163734_553272
unavailable,unavailable,unavailable,unavailable,unavailable,157,636,0,479,composite_tool_resume,tool_branch_1_tool_agent,479,0.7531446540880503,segment_token_proxy,0,2963be98-c410-4461-8ce1-f0350d0c38e8,0,tool_resume_contention_meso,tool_resume_contention_meso_20260603_163734_553272
unavailable,unavailable,unavailable,unavailable,unavailable,623,623,0,0,composite_tool_resume,background_coder,0,0.0,none,0,3460c659-dd86-491e-8fca-4e290057c1fd,0,tool_resume_contention_meso,tool_resume_contention_meso_20260603_163734_553272
unavailable,unavailable,unavailable,unavailable,unavailable,155,622,0,467,composite_tool_resume,critical_coder,467,0.7508038585209004,segment_token_proxy,0,349ed11b-05a0-47e2-a520-30a0b565c2ca,0,tool_resume_contention_meso,tool_resume_contention_meso_20260603_163734_553272
unavailable,unavailable,unavailable,unavailable,unavailable,489,489,0,0,composite_tool_resume,critical_reviewer,0,0.0,none,0,9f064447-cb57-4df2-8d74-fc36dfe35bba,0,tool_resume_contention_meso,tool_resume_contention_meso_20260603_163734_553272
unavailable,unavailable,unavailable,unavailable,unavailable,0,803,803,0,composite_tool_resume,resume_evidence_processor_8,803,1.0,exact_prompt_hash,0,ad8b1edc-beec-471b-a51b-96c44d1f8e1d,0,tool_resume_contention_meso,tool_resume_contention_meso_20260603_163734_553272
unavailable,unavailable,unavailable,unavailable,unavailable,0,881,881,0,composite_tool_resume,resume_evidence_processor_2,881,1.0,exact_prompt_hash,0,2e459cdd-e5b9-46bf-9f8f-48c8b47fe593,0,tool_resume_contention_meso,tool_resume_contention_meso_20260603_163734_553272
unavailable,unavailable,unavailable,unavailable,unavailable,0,838,838,0,composite_tool_resume,resume_evidence_processor_6,838,1.0,exact_prompt_hash,0,5166fd49-d1d6-499d-af34-b912e123642d,0,tool_resume_contention_meso,tool_resume_contention_meso_20260603_163734_553272
unavailable,unavailable,unavailable,unavailable,unavailable,0,862,862,0,composite_tool_resume,resume_evidence_processor_7,862,1.0,exact_prompt_hash,0,3d55e908-062a-416b-be21-33736f2a08fa,0,tool_resume_contention_meso,tool_resume_contention_meso_20260603_163734_553272
unavailable,unavailable,unavailable,unavailable,unavailable,0,829,829,0,composite_tool_resume,resume_evidence_processor_4,829,1.0,exact_prompt_hash,0,127f29f1-bc5c-412b-8311-d2af2daf99b3,0,tool_resume_contention_meso,tool_resume_contention_meso_20260603_163734_553272
unavailable,unavailable,unavailable,unavailable,unavailable,0,901,901,0,composite_tool_resume,resume_evidence_processor_3,901,1.0,exact_prompt_hash,0,2aaaef99-f91b-4565-bc12-63aab3ede14e,0,tool_resume_contention_meso,tool_resume_contention_meso_20260603_163734_553272
unavailable,unavailable,unavailable,unavailable,unavailable,0,796,796,0,composite_tool_resume,resume_evidence_processor_1,796,1.0,exact_prompt_hash,0,7613f5fe-cd7d-49a7-bf48-25b533abcc5c,0,tool_resume_contention_meso,tool_resume_contention_meso_20260603_163734_553272
unavailable,unavailable,unavailable,unavailable,unavailable,0,838,838,0,composite_tool_resume,resume_evidence_processor_5,838,1.0,exact_prompt_hash,0,76568631-de3a-41c6-a040-5da8a10df8ea,0,tool_resume_contention_meso,tool_resume_contention_meso_20260603_163734_553272
unavailable,unavailable,unavailable,unavailable,unavailable,996,996,0,0,composite_tool_resume,finalizer,0,0.0,none,0,fab9a6f8-4b16-4170-9ae8-b794b48fa08c,0,tool_resume_contention_meso,tool_resume_contention_meso_20260603_163734_553272
unavailable,unavailable,unavailable,unavailable,unavailable,4366,4366,0,0,composite_tool_resume,evidence_merge,0,0.0,none,0,ed26c904-0a24-49af-a29c-53465960cdcb,0,tool_resume_contention_meso,tool_resume_contention_meso_20260603_163734_553272
unavailable,unavailable,unavailable,unavailable,unavailable,625,625,0,0,manager_worker,tool_repo,0,0.0,none,0,e2382981-5b63-44c9-8dbf-c0326f4a1264,0,tool_specialist_team,tool_specialist_team_20260603_152125_128117
unavailable,unavailable,unavailable,unavailable,unavailable,144,584,0,440,manager_worker,tool_test,440,0.7534246575342466,segment_token_proxy,0,b7d03d54-7153-44f4-9edf-a7c313bef9cd,0,tool_specialist_team,tool_specialist_team_20260603_152125_128117
unavailable,unavailable,unavailable,unavailable,unavailable,140,569,0,429,manager_worker,tool_search,429,0.7539543057996485,segment_token_proxy,0,73bb1194-acf4-42e9-b0d9-5557f70a18a6,0,tool_specialist_team,tool_specialist_team_20260603_152125_128117
unavailable,unavailable,unavailable,unavailable,unavailable,130,528,0,398,manager_worker,tool_doc,398,0.7537878787878788,segment_token_proxy,0,f1fc51e3-6103-4d36-a92d-b724287616c8,0,tool_specialist_team,tool_specialist_team_20260603_152125_128117
unavailable,unavailable,unavailable,unavailable,unavailable,1136,1136,0,0,manager_worker,tool_result_merge,0,0.0,none,0,59b12625-ba4f-4584-8631-e65021a81a44,0,tool_specialist_team,tool_specialist_team_20260603_152125_128117
unavailable,unavailable,unavailable,unavailable,unavailable,377,377,0,0,manager_worker,finalizer,0,0.0,none,0,8af4607d-22fc-49fc-b201-d23bb82094ef,0,tool_specialist_team,tool_specialist_team_20260603_152125_128117
